B_AGE_CODE,B_REGION,B_BAND_SIZE_CODE,B_BAND_STATUS_CODE,B_BAND_TYPE_CODE,B_BIRD_STATUS,B_COMMENTS,B_COORD_PRECISION,B_DIRECTION_CODE,B_EXTRA_INFO_CODE,B_FLYWAY_CODE,B_HOW_AGED_CODE,B_HOW_CAPTURED,B_HOW_SEXED_CODE,B_LAT_10_MIN_BLK,B_LAT_DECIMAL_DEGREES,B_LON_10_MIN_BLK,B_LON_DECIMAL_DEGREES,B_MARKER_LONG_DESC,B_PERMIT_NUM,B_REMARKS,B_SEX_CODE,B_SPECIES_ID,B_SPECIES_NAME,BAND_NUM,BANDING_DATE,BANDING_DAY,BANDING_MONTH,BANDING_YEAR,BEARING,DISTANCE,E_REGION,E_CAPTURE_TIME,E_CERTIFICATE_FLAG,E_CERTIFICATE_LANGUAGE,E_COMMENTS,E_COORD_PRECISION,E_COUNTRY_CODE,E_COUNTY_CODE,E_CREATE_DATE,E_CREATE_MONTH,E_CREATE_YEAR,E_DIRECTION_CODE,E_ENC_COUNTY_ORIGINAL,E_FLYWAY_CODE,E_HOW_CAPTURED,E_HOW_OBTAINED_CODE,E_LAT_10_MIN_BLK,E_LAT_DECIMAL_DEGREES,E_LOCATION_DESCRIPTION,E_LOCATION_ID,E_LON_10_MIN_BLK,E_LON_DECIMAL_DEGREES,E_MARKER_LONG_DESC,E_PLACE_NAME,E_PRESENT_CONDITION_CODE,E_REMARKS,E_SPECIES_NAME,E_STATE_CODE,E_WHO_OBTAINED_CODE,E_WHY_REPORTED_CODE,ENCOUNTER_DATE,ENCOUNTER_DAY,ENCOUNTER_MONTH,ENCOUNTER_YEAR,HSS,MIN_AGE_AT_ENC,ORIGINAL_BAND,OTHER_BANDS,SAME_10_MIN_BLOCK
"1","07","8","0","01","2","",0,"0","00","2","","","","351",35.285,"0931",-93.20333,"","06569","","5","1720","Canada Goose","103881410",06/28/2007,"28","06","2007","N",695.2,"50","","Y","E","",10,"US","073",11/23/2009,"11","2009","0","023","2","","01","450",45.08333,"",,"0961",-96.25,"","Louisburg","05","","CANADA GOOSE","27","21","62",10/21/2009,"21","10","2009",3,3.33,"103881410","","N"
"4","07","8","0","01","3","",0,"0","00","2","","","","351",35.29611,"0931",-93.27333,"","06569","","5","1720","Canada Goose","103881726",06/28/2007,"28","06","2007","W",83.8,"67","","E","E","",11,"US","079",12/01/2013,"12","2013","0","079","3","","01","345",34.88927,"",,"0944",-94.6712,"","HEAVENER","04","","CANADIAN GOOSE","40","21","61",12/01/2013,"01","12","2013",7,6.5,"103881726","","N"
"4","07","8","0","01","2","",0,"0","00","2","","","","352",35.48667,"0934",-93.82111,"","06569","","5","1720","Canada Goose","103881739",06/28/2007,"28","06","2007","N",639.3,"50","","Y","E","",10,"US","083",10/11/2009,"10","2009","0","083","2","","01","443",44.58333,"",,"0960",-96.08333,"","MINNEOTA","05","","GOOSE","27","21","61",10/11/2009,"11","10","2009",3,2.33,"103881739","","N"
"4","07","8","0","01","2","",0,"0","00","2","","","","352",35.48667,"0934",-93.82111,"","06569","","5","1720","Canada Goose","103881770",06/28/2007,"28","06","2007","N",639.3,"50","","Y","E","",10,"US","083",11/01/2009,"11","2009","0","083","2","","01","443",44.58333,"",,"0960",-96.08333,"","TAUNTON","05","","CANADA GOOSE","27","21","61",10/22/2009,"22","10","2009",3,2.33,"103881770","","N"
"1","07","8","0","41","3","",0,"0","00","2","","","","342",34.47417,"0912",-91.40972,"","06569","","4","1720","Canada Goose","113842024",07/07/2011,"07","07","2011","SW",178.3,"83","","E","E","",10,"US","037",01/29/2012,"01","2012","0","037","3","","01","332",33.41667,"",,"0941",-94.25,"","TEXARKANA","05","","CANADA GOOSE","48","21","61",01/29/2012,"29","01","2012",1,1.58,"113842024","","N"
"1","07","8","0","41","3","",0,"0","00","2","","","","342",34.47417,"0912",-91.40972,"","06569","","4","1720","Canada Goose","113842025",07/07/2011,"07","07","2011","SW",194.3,"83","","N","E","",11,"US","315",09/20/2013,"09","2013","0","315","3","","01","324",32.75736,"",,"0940",-94.08758,"","Jefferson","05","","CANADIAN GOOSE","48","21","61",09/19/2013,"19","09","2013",3,3.25,"113842025","","N"
"1","07","8","0","41","3","",0,"0","00","2","","","","352",35.37333,"0925",-92.96861,"","06569","","4","1720","Canada Goose","113842487",06/28/2011,"28","06","2011","N",840.6,"50","","E","E","",11,"US","007",09/01/2012,"09","2012","0","007","2","","01","472",47.47356,"SUNNY SIDE ROAD",,"0944",-94.77353,"","Bemidji","05","","Unknown","27","21","07",09/01/2012,"01","09","2012",2,2.25,"113842487","","N"
"1","07","8","0","41","3","",0,"0","00","2","","","","352",35.37333,"0925",-92.96861,"","06569","","5","1720","Canada Goose","113842533",06/28/2011,"28","06","2011","N",772.4,"81","","E","E","",10,"US","013",09/01/2012,"09","2012","0","013","3","","01","455",45.91667,"",,"0975",-97.91667,"","HECLA","05","","CANADA GOOSE","46","21","61",09/01/2012,"01","09","2012",2,2.25,"113842533","","N"
"1","07","8","0","41","3","",0,"0","00","2","","","","352",35.37333,"0925",-92.96861,"","06569","","4","1720","Canada Goose","113842553",06/28/2011,"28","06","2011","N",751.5,"81","","E","E","lrm: D;",11,"US","037",09/08/2012,"09","2012","0","037","3","","01","453",45.64882,"wheat field",,"0974",-97.70931,"","Roslyn","05","","Large Canada Goose","46","21","07",09/08/2012,"08","09","2012",2,2.25,"113842553","","N"
"4","07","8","0","41","3","",0,"0","00","2","","","","352",35.48667,"0934",-93.82111,"","06569","","5","1720","Canada Goose","114824357",06/27/2012,"27","06","2012","NE",434.2,"34","","E","E","lrm: D;",11,"US","019",11/26/2014,"11","2014","0","019","2","","01","395",39.97148,"",,"0881",-88.24338,"","Champaign","05","","Canada Goose","17","21","07",11/26/2014,"26","11","2014",3,2.42,"114824357","","N"
"4","07","8","0","41","3","",0,"0","00","2","","","","352",35.48667,"0934",-93.82111,"","06569","","5","1720","Canada Goose","114824370",06/27/2012,"27","06","2012","N",762.8,"50","","E","E","",11,"US","111",09/13/2014,"09","2014","0","111","2","","01","462",46.46683,"",,"0952",-95.4503,"","NEW YORK MILLS","05","","CANADA GOOSE","27","21","61",09/13/2014,"13","09","2014",3,2.25,"114824370","","N"
"1","07","8","0","41","3","",0,"0","00","2","","","","345",34.84861,"0920",-92.11333,"","06569","","5","1720","Canada Goose","114824764",06/28/2012,"28","06","2012","NE",588.7,"49","","E","E","",11,"US","027",10/16/2014,"10","2014","0","027","2","","01","415",41.91171,"",,"0860",-86.01001,"","CASSOPOLIS","05","","CAGO","26","21","62",09/13/2014,"13","09","2014",3,3.25,"114824764","","N"
"1","07","8","0","41","3","",0,"0","00","2","","","","360",36.07194,"0903",-90.53,"","06569","","5","1720","Canada Goose","114824809",07/03/2012,"03","07","2012","E",13.2,"52","","E","E","",11,"US","069",01/30/2013,"01","2013","0","000","2","","01","360",36.07602,"",,"0901",-90.29288,"","CARDWELL","04","","CANADA GOOSE","29","21","61",01/19/2013,"19","01","2013",1,1.58,"114824809","","N"
"1","07","8","0","41","3","",0,"0","00","2","","","","360",36.07194,"0903",-90.53,"","06569","","5","1720","Canada Goose","114824854",07/03/2012,"03","07","2012","SE",71.3,"82","","E","E","",11,"US","157",01/04/2013,"01","2013","0","157","2","","01","350",35.14953,"",,"0895",-89.96067,"","MEMPHIS","05","","CANADA GOOSE","47","21","61",12/27/2012,"27","12","2012",1,1.5,"114824854","","N"
"4","07","8","0","41","3","",0,"0","00","2","","","","343",34.57083,"0941",-94.2425,"","06569","","5","1720","Canada Goose","114825214",06/26/2012,"26","06","2012","SW",45.5,"67","","E","E","lrm: D;;;",11,"US","089",07/30/2013,"07","2013","0","089","3","","27","340",34.00652,"gravel pit",,"0943",-94.65543,"","Eagletown","05","Broken bow, ok","Canada Goose","40","21","07",07/29/2013,"29","07","2013",1,1.08,"114825214","","N"
"1","07","8","0","01","3","",10,"0","02","2","","","","351",35.25,"0931",-93.25,"","06569","","5","1720","Canada Goose","095857150",06/20/2001,"20","06","2001","N",1240.6,"45","","Y","E","HAD A WHITE PLASTIC NECK BAND AS WELL # XE50",10,"CA","",09/18/2007,"09","2007","0","","6","","01","521",52.25,"NORTH OF BIRCH RIVER",,"1012",-101.41667,"XE50: XE50","SWAN RIVER","05","","CANADA GOOSE","03","21","07",09/16/2007,"16","09","2007",7,7.25,"095857150","","N"
"1","07","8","0","01","3","",10,"0","02","2","","","","352",35.41667,"0932",-93.41667,"","06569","","5","1720","Canada Goose","095857863",06/25/2002,"25","06","2002","N",691,"50","","","","B#03287; C#4103",10,"US","000",10/14/2003,"10","2003","0","","2","","01","452",45.41667,"",,"0935",-93.91667,"","","03","","","27","21","06",10/11/2003,"11","10","2003",2,2.33,"095857863","","N"
"4","07","8","0","01","3","",10,"0","02","2","","","","351",35.25,"0931",-93.25,"","06569","","5","1720","Canada Goose","095857431",06/26/2002,"26","06","2002","N",667.5,"50","","","","B#04166; C#2404",10,"US","000",06/14/2004,"06","2004","0","","2","","29","445",44.91667,"",,"0930",-93.08333,"","","07","","","27","21","06",06/07/2004,"07","06","2004",2,2,"095857431","","N"
"1","07","8","0","01","3","",10,"0","02","2","","","","351",35.25,"0931",-93.25,"","06569","","4","1720","Canada Goose","095857916",06/26/2002,"26","06","2002","NW",171.3,"38","","","","B#05306; C#4405",10,"US","000",11/02/2005,"11","2005","0","","3","","01","372",37.41667,"",,"0944",-94.75,"","","03","","","20","21","06",10/30/2005,"30","10","2005",4,4.33,"095857916","","N"
"1","07","8","0","01","3","",10,"0","02","2","","","","351",35.25,"0931",-93.25,"","06569","","5","1720","Canada Goose","095856912",06/18/2001,"18","06","2001","NW",1117.4,"85","","","","B#03334; C#4803",10,"US","000",11/30/2003,"11","2003","0","","4","","01","414",41.75,"",,"1121",-112.25,"","","03","","","49","21","06",11/27/2003,"27","11","2003",3,3.42,"095856912","","N"
"1","07","8","0","01","3","",10,"0","02","2","","","","351",35.25,"0931",-93.25,"","06569","","4","1720","Canada Goose","095856886",06/18/2001,"18","06","2001","W",66.7,"67","","","","B#01333; C#1102",10,"US","000",11/29/2001,"11","2001","0","","3","","01","352",35.41667,"",,"0942",-94.41667,"","","03","","","40","21","06",11/10/2001,"10","11","2001",1,1.42,"095856886","","N"
"1","07","8","0","01","3","",10,"0","02","2","","","","351",35.25,"0930",-93.08333,"","06569","","5","1720","Canada Goose","095857485",06/27/2002,"27","06","2002","N",667.5,"50","","","","B#03177; C#2503",10,"US","000",06/26/2003,"06","2003","0","","2","","29","445",44.91667,"",,"0931",-93.25,"","","07","","","27","21","01",06/14/2003,"14","06","2003",1,2,"095857485","","N"
"4","07","8","0","01","3","",10,"0","02","2","","","","351",35.25,"0930",-93.08333,"","06569","","4","1720","Canada Goose","095857500",06/27/2002,"27","06","2002","N",318.6,"52","","","","B#04069; C#1004",10,"US","000",03/09/2004,"03","2004","0","","2","","29","393",39.58333,"",,"0950",-95.08333,"","","07","","","29","21","01",01/31/2004,"31","01","2004",2,1.58,"095857500","","N"
"1","07","8","0","01","3","",10,"0","02","2","","","","351",35.25,"0931",-93.25,"","06569","","4","1720","Canada Goose","095858090",06/20/2001,"20","06","2001","N",1344.2,"79","","","","B#05268; C#3805",10,"CA","000",09/25/2005,"09","2005","0","","6","","01","523",52.58333,"",,"1054",-105.75,"","","03","","","11","21","06",09/20/2005,"20","09","2005",5,5.25,"095858090","","N"
"1","07","8","0","01","3","",10,"0","02","2","","","","351",35.25,"0931",-93.25,"","06569","","5","1720","Canada Goose","095858094",06/20/2001,"20","06","2001","NE",569.7,"39","","N","E","B#06034C#0506;",10,"US","",02/19/2006,"02","2006","0","","2","","66","380",38.08333,"CAVE RUN LK",,"0833",-83.58333,"","FARMERS","07","","CAGO","21","23","01",06/21/2005,"21","06","2005",4,5,"095858094","","N"
"4","07","8","0","01","3","",10,"0","02","2","","","","351",35.25,"0931",-93.25,"","06569","","5","1720","Canada Goose","095858114",06/26/2002,"26","06","2002","N",518,"36","","","","B#05277; C#4905 Fix HP longitude to correspond to long deg blk.",33,"US","000",10/04/2005,"10","2005","0","","2","","01","424",42.75,"",,"0933",-93.5,"","","05","","","19","21","06",10/03/2005,"03","10","2005",4,3.33,"095858114","","N"
"1","07","8","0","01","3","",10,"0","02","2","","","","351",35.25,"0931",-93.25,"","06569","","5","1720","Canada Goose","095858117",06/26/2002,"26","06","2002","NE",408.9,"35","","","","B#05004; C#5204",10,"US","000",01/04/2005,"01","2005","0","","2","","01","385",38.91667,"",,"0872",-87.41667,"","","03","","","18","21","06",01/01/2005,"01","01","2005",3,3.58,"095858117","","N"
"1","07","8","0","01","3","",10,"0","02","2","","","","351",35.25,"0931",-93.25,"","06569","","5","1720","Canada Goose","095857619",06/26/2002,"26","06","2002","NW",171.3,"38","","","","B#05306; C#4405",10,"US","000",11/02/2005,"11","2005","0","","3","","01","372",37.41667,"",,"0944",-94.75,"","","03","","","20","21","06",10/29/2005,"29","10","2005",4,4.33,"095857619","","N"
"1","07","8","0","01","3","",10,"0","02","2","","","","351",35.25,"0931",-93.25,"","06569","","4","1720","Canada Goose","095857012",06/20/2001,"20","06","2001","N",783.7,"50","","","","B#01281; C#1102",10,"US","000",10/08/2001,"10","2001","0","","2","","01","463",46.58333,"",,"0940",-94.08333,"","","03","","","27","21","06",09/30/2001,"30","09","2001",1,1.25,"095857012","","N"
"1","07","8","0","01","3","",10,"0","02","2","","","","351",35.25,"0931",-93.25,"","06569","","5","1720","Canada Goose","095857138",06/20/2001,"20","06","2001","N",745,"81","","Y","E","",10,"US","013",10/04/2007,"10","2007","0","","3","","01","451",45.25,"",,"0983",-98.58333,"WHNKBD: XE38","WARNER","03","","CANADA GOOSE","46","21","61",10/04/2007,"04","10","2007",7,7.33,"095857138","","N"
"1","07","8","0","01","3","",10,"0","02","2","","","","351",35.25,"0931",-93.25,"","06569","","4","1720","Canada Goose","095856626",06/18/2001,"18","06","2001","NW",1506.2,"89","","Y","E","",0,"US","000",10/22/2007,"10","2007","0","","4","","29","473",47.65889,"",,"1172",-117.42611,"NECK COLLAR: XV26 BLACK ON WHITE","SPOKANE","07","","CANADA GOOSE","53","21","01",10/06/2007,"06","10","2007",7,7.33,"095856626","","N"
"1","07","8","0","01","3","",10,"0","02","2","","","","351",35.25,"0931",-93.25,"","06569","","5","1720","Canada Goose","095856649",06/18/2001,"18","06","2001","SW",325.4,"83","","","","B#05331; C#4705",10,"US","000",11/27/2005,"11","2005","0","","3","","01","315",31.91667,"",,"0971",-97.25,"","","03","","","48","21","06",11/20/2005,"20","11","2005",5,5.42,"095856649","","N"
"1","07","8","0","01","3","",10,"0","02","2","","","","352",35.41667,"0934",-93.75,"","06569","","5","1720","Canada Goose","095857229",06/24/2002,"24","06","2002","NW",101.6,"67","","","","B#03362; C#5203",10,"US","000",12/28/2003,"12","2003","0","","3","","01","362",36.41667,"",,"0950",-95.08333,"","","03","","","40","21","06",12/27/2003,"27","12","2003",2,2.5,"095857229","","N"
"1","07","8","0","01","3","",10,"0","02","2","","","","360",36.08333,"0940",-94.08333,"","06569","","4","1720","Canada Goose","098849047",07/02/2003,"02","07","2003","NE",57.8,"52","","9","E","B#33665; C#4204",10,"US","000",10/20/2004,"10","2004","0","","2","","66","363",36.58333,"",,"0931",-93.25,"","","08","","","29","23","01",06/17/2004,"17","06","2004",1,2,"098849047","0988-74063; ","N"
"4","07","8","0","01","3","",0,"0","00","2","","","","352",35.47639,"0934",-93.82083,"","06569","","4","1720","Canada Goose","102875692",06/26/2006,"26","06","2006","NE",494.3,"34","","Y","E","",10,"US","197",01/19/2009,"01","2009","0","091","2","","01","411",41.25,"",,"0882",-88.41667,"","BRAIDWOOD","05","","CANADA GOOSE","17","21","61",01/19/2009,"19","01","2009",3,2.58,"102875692","","N"
"4","07","8","0","01","3","",0,"0","00","2","","","","352",35.47639,"0934",-93.82083,"","06569","","5","1720","Canada Goose","102875693",06/26/2006,"26","06","2006","W",606.3,"17","","E","E","",11,"US","101",12/08/2012,"12","2012","0","101","3","","01","381",38.25445,"",,"1041",-104.24141,"","PUEBLO","05","","CANADA GOOSE","08","21","61",12/08/2012,"08","12","2012",7,6.5,"102875693","","N"
"1","07","8","0","01","3","",0,"0","00","2","","","","352",35.47639,"0934",-93.82083,"","06569","","5","1720","Canada Goose","102875705",06/26/2006,"26","06","2006","NW",700.9,"17","","Y","E","",10,"US","069",09/10/2008,"09","2008","0","","3","","01","402",40.41667,"",,"1050",-105.08333,"","LOVELAND","05","","CANADA GOOSE","08","21","61",,"99","12","2007",2,2.5,"102875705","","N"
"1","07","8","0","01","3","",0,"0","00","2","","","","352",35.47639,"0934",-93.82083,"","06569","","4","1720","Canada Goose","102875716",06/26/2006,"26","06","2006","NE",865.2,"68","","Y","E","",10,"CA","000",07/29/2008,"07","2008","0","","6","","01","430",43.08333,"",,"0805",-80.91667,"","Ingersoll","05","","Goose","08","21","07",,"79","07","2008",99,,"102875716","","N"
"1","07","8","0","01","3","",0,"0","00","2","","","","352",35.47639,"0934",-93.82083,"","06569","","5","1720","Canada Goose","102875737",06/26/2006,"26","06","2006","N",282.7,"52","","E","E","",10,"US","175",12/25/2009,"12","2009","0","175","2","","00","392",39.41667,"",,"0922",-92.41667,"","MOBERLY","05","","GOOSE","29","21","61",,"99","12","2009",4,4.5,"102875737","","N"
"1","07","8","0","01","3","",0,"0","00","2","","","","352",35.47639,"0934",-93.82083,"","06569","","4","1720","Canada Goose","102875741",06/26/2006,"26","06","2006","N",674,"81","","Y","E","finder wrote and said it was a goose",10,"US","029",09/03/2008,"09","2008","0","","3","","01","445",44.91667,"",,"0970",-97.08333,"","Watertown","05","","goose","46","21","62",09/03/2008,"03","09","2008",3,3.25,"102875741","","N"
"1","07","8","0","01","3","",0,"0","00","2","","","","352",35.47639,"0934",-93.82083,"","06569","","5","1720","Canada Goose","102875743",06/26/2006,"26","06","2006","NW",700.9,"17","","Y","E","",10,"US","069",09/10/2008,"09","2008","0","","3","","01","402",40.41667,"",,"1050",-105.08333,"","LOVELAND","05","","CANADA GOOSE","08","21","61",,"99","12","2007",2,2.5,"102875743","","N"
"1","07","8","0","01","3","",0,"0","00","2","","","","351",35.285,"0931",-93.20333,"","06569","","5","1720","Canada Goose","102875869",06/26/2006,"26","06","2006","N",484.7,"36","","Y","E","",10,"US","011",10/28/2007,"10","2007","0","","2","","01","421",42.25,"",,"0920",-92.08333,"","VINTON","03","","CANADA GOOSE","19","21","61",10/28/2007,"28","10","2007",2,2.33,"102875869","","N"
"1","07","8","0","01","3","Mod. per 06569_201307091649B;",0,"0","00","2","","","","350",35.14167,"0922",-92.425,"","06569","","5","1720","Canada Goose","102875129",06/19/2006,"19","06","2006","E",249.7,"82","","E","E","",10,"US","005",02/16/2010,"02","2010","0","005","2","","00","355",35.91667,"",,"0880",-88.08333,"","HOLLADAY","05","","CANADA GOOSE","47","21","61",02/15/2010,"15","02","2010",4,4.67,"102875129","","N"
"1","07","8","0","01","3","Mod. per 06569_201307091649B;",0,"0","00","2","","","","350",35.14167,"0922",-92.425,"","06569","","5","1720","Canada Goose","102875141",06/19/2006,"19","06","2006","N",686.5,"91","","E","E","lrm: DM;",0,"US","009",11/14/2013,"11","2013","0","009","2","","01","442",44.44659,"",,"0875",-87.84745,"","Langes Corners","05","","Canadian Goose","55","21","07",11/13/2013,"13","11","2013",8,8.42,"102875141","","N"
"4","07","8","0","01","3","",0,"0","00","2","","","","350",35.13722,"0922",-92.42806,"","06569","","5","1720","Canada Goose","102875184",06/19/2006,"19","06","2006","",,"00","","E","E","lrm: D;;;",,"00","000",05/16/2014,"05","2014","0","000","0","","70","000",0,"",,"0000",0,"","Unknown","02","I got it off ebay","Canada Goose","00","21","07",,"66","05","2014",99,,"102875184","","N"
"1","07","8","0","01","3","Mod. per 06569_201307091649B;",0,"0","00","2","","","","350",35.14167,"0922",-92.425,"","06569","","4","1720","Canada Goose","102875210",06/19/2006,"19","06","2006","NE",475.9,"35","","E","E","assigned state cp (multiple towns named Riley in IN);;",12,"US","000",12/21/2011,"12","2011","0","000","2","","01","400",40.00032,"",,"0861",-86.25027,"","RILEY","05","","LARGE CANADA GOOSE","18","21","07",12/21/2011,"21","12","2011",6,6.5,"102875210","","N"
"1","07","8","0","01","3","Mod. per 06569_201307091649B;",0,"0","00","2","","","","350",35.14167,"0922",-92.425,"","06569","","5","1720","Canada Goose","102875222",06/19/2006,"19","06","2006","NE",345.1,"35","","E","E","",10,"US","147",06/06/2012,"06","2012","0","147","2","","01","375",37.91667,"SLOUGH",,"0871",-87.25,"","HATFIELD","05","","LARGE CANADA GOOSE","18","21","07",01/11/2011,"11","01","2011",5,5.58,"102875222","","N"
"1","07","8","0","01","3","Mod. per 06569_201307091649B;",0,"0","00","2","","","","350",35.14167,"0922",-92.425,"","06569","","5","1720","Canada Goose","102875250",06/19/2006,"19","06","2006","NW",331.7,"38","","E","E","lrm: D;;",11,"US","177",01/10/2014,"01","2014","0","177","3","","01","390",39.05292,"By Silver Lake Kansas",,"0955",-95.92438,"","Silver Lake","05","By Silver Lake Kansas","Canada Goose","20","21","07",01/10/2014,"10","01","2014",8,8.58,"102875250","","N"
"1","07","8","0","01","3","Mod. per 06569_201307091649B;",0,"0","00","2","","","","350",35.14167,"0922",-92.425,"","06569","","4","1720","Canada Goose","102875265",06/19/2006,"19","06","2006","SE",579.8,"27","","Y","E","",10,"US","277",12/22/2009,"12","2009","0","277","1","","01","312",31.41667,"",,"0832",-83.41667,"","BROOKFIELD","05","","CANADA GOOSE","13","21","07",12/16/2009,"16","12","2009",4,4.5,"102875265","","N"
"1","07","8","0","01","3","Mod. per 06569_201307091649B;",0,"0","00","2","","","","350",35.14167,"0922",-92.425,"","06569","","5","1720","Canada Goose","102875266",06/19/2006,"19","06","2006","SE",579.8,"27","","Y","E","",10,"US","277",12/22/2009,"12","2009","0","000","1","","01","312",31.41667,"",,"0832",-83.41667,"","BROOKFIELD","05","","CANADA GOOSE","13","21","07",,"99","94","2009",4,4.25,"102875266","","N"
"1","07","8","0","01","3","Mod. per 06569_201307091649B;",0,"0","00","2","","","","350",35.14167,"0922",-92.425,"","06569","","4","1720","Canada Goose","102875267",06/19/2006,"19","06","2006","SE",579.8,"27","","Y","E","",10,"US","277",12/22/2009,"12","2009","0","000","1","","01","312",31.41667,"",,"0832",-83.41667,"","BROOKFIELD","05","","CANADA GOOSE","13","21","07",,"72","12","2009",99,,"102875267","","N"
"1","07","8","0","01","3","Mod. per 06569_201307091649B;",0,"0","00","2","","","","350",35.14167,"0922",-92.425,"","06569","","5","1720","Canada Goose","102875272",06/19/2006,"19","06","2006","",,"00","","E","E","lrm: A;",,"00","000",10/19/2014,"10","2014","0","000","0","","70","000",0,"",,"0000",0,"","Unknown","02","","Canada Goose","00","21","07",10/14/2014,"14","10","2014",99,,"102875272","","N"
"1","07","8","0","01","3","",0,"0","00","2","","","","345",34.98556,"0924",-92.78222,"","06569","","5","1720","Canada Goose","102875275",06/20/2006,"20","06","2006","N",299.8,"52","","Y","E","",10,"US","095",03/09/2011,"03","2011","0","047","2","","98","390",39.08333,"",,"0943",-94.58333,"","KANSAS CITY","02","","UNKNOWN","29","21","61",03/09/2011,"09","03","2011",99,,"102875275","","N"
"1","07","8","0","01","3","",0,"0","00","2","","","","345",34.98556,"0924",-92.78222,"","06569","","5","1720","Canada Goose","102875296",06/20/2006,"20","06","2006","N",663.5,"50","","E","E","",11,"US","139",12/19/2013,"12","2013","0","037","2","","01","443",44.58517,"",,"0932",-93.35554,"","ELKO","05","","GOOSE","27","21","61",,"99","11","2013",8,8.42,"102875296","","N"
"1","07","8","0","01","3","",0,"0","00","2","","","","345",34.98556,"0924",-92.78222,"","06569","","5","1720","Canada Goose","102875322",06/20/2006,"20","06","2006","N",663.5,"50","","E","E","",11,"US","139",12/19/2013,"12","2013","0","037","2","","01","443",44.58517,"",,"0932",-93.35554,"","ELKO","05","","GOOSE","27","21","61",,"99","11","2013",8,8.42,"102875322","","N"
"1","07","8","0","01","3","",0,"0","00","2","","","","345",34.98556,"0924",-92.78222,"","06569","","4","1720","Canada Goose","102875328",06/20/2006,"20","06","2006","NE",209,"52","","E","E","",10,"US","017",01/13/2011,"01","2011","0","017","2","","01","370",37.08333,"",,"0900",-90.08333,"","DUCK CREEK STATE WA","05","","Unknown","29","21","07",12/06/2010,"06","12","2010",5,5.5,"102875328","","N"
"4","07","8","0","01","3","",0,"0","00","2","","","","345",34.98556,"0924",-92.78222,"","06569","","4","1720","Canada Goose","102875335",06/20/2006,"20","06","2006","",,"00","","E","E","",,"00","000",01/01/2012,"01","2012","0","027","0","","70","000",0,"",,"0000",0,"","Unknown","02","","Unknown","00","21","07",,"51","01","2012",99,,"102875335","","N"
"1","07","8","0","01","3","",0,"0","00","2","","","","345",34.98556,"0924",-92.78222,"","06569","","4","1720","Canada Goose","102875346",06/20/2006,"20","06","2006","NE",772.7,"68","","E","E","lrm: D;;",11,"CA","000",11/27/2014,"11","2014","0","000","6","","52","423",42.50633,"",,"0820",-82.12889,"","Chatham-Kent","07","","Canada Goose","08","21","07",09/01/2014,"01","09","2014",9,9.25,"102875346","","N"
"4","07","8","0","01","3","",0,"0","00","2","","","","345",34.98556,"0924",-92.78222,"","06569","","5","1720","Canada Goose","102875350",06/20/2006,"20","06","2006","N",419.8,"36","","E","E","",10,"US","057",12/30/2011,"12","2011","0","057","2","","01","405",40.91667,"",,"0910",-91.08333,"","BURLINGTON","05","","Unknown","19","21","07",,"80","12","2011",99,,"102875350","","N"
"1","07","8","0","01","3","",0,"0","00","2","","","","345",34.98556,"0924",-92.78222,"","06569","","4","1720","Canada Goose","102875353",06/20/2006,"20","06","2006","W",1458,"55","","E","E","",11,"US","001",10/08/2013,"10","2013","0","001","4","","98","394",39.69096,"",,"1184",-118.77737,"","Fallon","02","FOUND BAND NO BIRD","UNKNOWN","32","21","61",10/06/2013,"06","10","2013",99,,"102875353","","N"
"1","07","8","0","01","3","",0,"0","00","2","","","","345",34.98556,"0924",-92.78222,"","06569","","4","1720","Canada Goose","102875363",06/20/2006,"20","06","2006","E",594.5,"80","","N","E","lrm: D;",11,"US","045",02/19/2014,"02","2014","0","045","1","","01","345",34.9552,"pond",,"0821",-82.26957,"NECK COLLAR: 1K10 BLACK ON WHITE","Greenville","05","","Canada Goose","45","21","07",02/19/2014,"19","02","2014",8,8.67,"102875363","","N"
"1","07","8","0","01","3","Mod. per 06569_201307091649B;",0,"0","00","2","","","","351",35.19167,"0924",-92.725,"","06569","","4","1720","Canada Goose","102875386",06/20/2006,"20","06","2006","",,"00","","E","E","",,"00","000",08/18/2012,"08","2012","0","003","0","","70","000",0,"",,"0000",0,"","Unknown","02","","CANADA GOOSE","00","21","07",08/18/2012,"18","08","2012",99,,"102875386","","N"
"1","07","8","0","01","3","Mod. per 06569_201307091649B;",0,"0","00","2","","","","351",35.19167,"0924",-92.725,"","06569","","4","1720","Canada Goose","102875411",06/20/2006,"20","06","2006","NE",880.4,"68","","E","E","lrm: A;;",13,"CA","000",10/01/2014,"10","2014","0","000","6","","00","430",43.12083,"Bin brook",,"0794",-79.8045,"","Hamilton","04","","Small Canada Goose","08","21","07",09/25/2014,"25","09","2014",9,9.25,"102875411","","N"
"1","07","8","0","01","3","Mod. per 06569_201307091649B;",0,"0","00","2","","","","351",35.19167,"0924",-92.725,"","06569","","5","1720","Canada Goose","102875469",06/20/2006,"20","06","2006","NE",819.8,"72","","E","E","lrm: D;;;",11,"US","049",03/07/2013,"03","2013","0","049","1","","01","415",41.84038,"water",,"0800",-80.12173,"","Waterford","05","dead","Canada Goose","42","21","07",02/20/2013,"20","02","2013",7,7.67,"102875469","","N"
"1","07","8","0","01","3","Mod. per 06569_201307091649B;",0,"0","00","2","","","","351",35.19167,"0924",-92.725,"","06569","","4","1720","Canada Goose","102875485",06/20/2006,"20","06","2006","E",513.8,"27","","E","E","",10,"US","217",09/19/2011,"09","2011","0","000","1","","01","333",33.58333,"",,"0835",-83.91667,"","COVINGTON","05","","Unknown","13","21","07",,"69","09","2011",99,,"102875485","","N"
"1","07","8","0","01","3","Mod. per 06569_201307091649B;",0,"0","00","2","","","","351",35.19167,"0924",-92.725,"","06569","","4","1720","Canada Goose","102875545",06/20/2006,"20","06","2006","N",303.7,"52","","E","E","",10,"US","175",01/13/2010,"01","2010","0","175","2","","01","393",39.58333,"",,"0922",-92.41667,"","CAIRO","05","","CANADA GOOSE","29","21","61",01/13/2010,"13","01","2010",4,4.58,"102875545","","N"
"1","07","8","0","01","3","Mod. per 06569_201307091649B;",0,"0","00","2","","","","351",35.19167,"0924",-92.725,"","06569","","5","1720","Canada Goose","102875547",06/20/2006,"20","06","2006","",,"00","","Y","E","",,"00","000",09/06/2008,"09","2008","0","","0","","70","000",0,"",,"0000",0,"","Unknown","02","","CANADA GOOSE","00","21","07",,"56","09","2008",99,,"102875547","","N"
"1","07","8","0","01","3","Mod. per 06569_201307091649B;",0,"0","00","2","","","","351",35.19167,"0924",-92.725,"","06569","","5","1720","Canada Goose","102875557",06/20/2006,"20","06","2006","E",370.2,"82","","Y","E","6/26/09 fndr in hospital for cancer treatment, do not contact",10,"US","189",12/03/2008,"12","2008","0","","2","","01","361",36.25,"",,"0861",-86.25,"","LEBANON","05","","GOOSE","47","21","61",,"99","09","2008",3,3.25,"102875557","","N"
"4","07","8","0","01","3","",0,"0","00","2","","","","352",35.48667,"0934",-93.82111,"","06569","","5","1720","Canada Goose","102875567",06/26/2006,"26","06","2006","N",235.8,"38","","Y","E","",10,"US","059",01/02/2011,"01","2011","0","000","3","","01","384",38.75,"",,"0950",-95.08333,"","OTTAWA","05","","Unknown","20","21","07",12/18/2010,"18","12","2010",5,4.5,"102875567","","N"
"1","07","8","0","01","3","",0,"0","00","2","","","","352",35.48667,"0934",-93.82111,"","06569","","4","1720","Canada Goose","102875590",06/26/2006,"26","06","2006","NE",669.1,"91","","E","E","",10,"US","087",10/04/2008,"10","2008","0","","2","","01","441",44.25,"",,"0882",-88.41667,"","APPLETON","05","","CANADA GOOSE","55","21","61",10/04/2008,"04","10","2008",3,3.33,"102875590","","N"
"1","07","8","0","01","3","",0,"0","00","2","","","","352",35.48667,"0934",-93.82111,"","06569","","5","1720","Canada Goose","102875605",06/26/2006,"26","06","2006","",,"00","","E","E","",,"00","000",01/07/2012,"01","2012","0","077","0","","70","000",0,"",,"0000",0,"","Unknown","02","","Unknown","00","21","07",01/07/2012,"07","01","2012",99,,"102875605","","N"
"1","07","8","0","01","3","",0,"0","00","2","","","","352",35.48667,"0934",-93.82111,"","06569","","5","1720","Canada Goose","102875622",06/26/2006,"26","06","2006","N",1075.1,"45","","Y","E","",10,"CA","",10/15/2007,"10","2007","0","","6","","01","504",50.75,"",,"0980",-98.08333,"","LUNDAR","03","","CANADA GOOSE","03","21","61",10/14/2007,"14","10","2007",2,2.33,"102875622","","N"
"1","07","8","0","01","3","",0,"0","00","2","","","","352",35.48667,"0934",-93.82111,"","06569","","5","1720","Canada Goose","102875636",06/26/2006,"26","06","2006","NW",700.5,"17","","Y","E","",10,"US","069",09/10/2008,"09","2008","0","","3","","01","402",40.41667,"",,"1050",-105.08333,"","LOVELAND","05","","CANADA GOOSE","08","21","61",,"99","12","2007",2,2.5,"102875636","","N"
"1","07","8","0","01","3","",0,"0","00","2","","","","352",35.48667,"0934",-93.82111,"","06569","","4","1720","Canada Goose","102875653",06/26/2006,"26","06","2006","E",322.7,"39","","N","E","",11,"US","157",11/30/2012,"11","2012","0","139","2","","98","370",37.03339,"",,"0882",-88.35004,"","CALVERT CITY","02","","UNKNOWN","21","21","61",11/29/2012,"29","11","2012",99,,"102875653","","N"
"1","07","8","0","01","3","",0,"0","00","2","","","","352",35.48667,"0934",-93.82111,"","06569","","5","1720","Canada Goose","102875675",06/26/2006,"26","06","2006","N",874.4,"64","","Y","E","ltr 5/09;;",10,"US","035",09/30/2008,"09","2008","0","GRAND FORKS","3","","01","475",47.91667,"FORKS",,"0970",-97.08333,"","Grand Forks","05","","CANADA GOOSE","38","21","07",09/28/2008,"28","09","2008",3,3.25,"102875675","","N"
"1","07","8","0","01","3","",0,"0","00","2","","","","352",35.37333,"0925",-92.96861,"","06569","","5","1720","Canada Goose","100889028",06/25/2009,"25","06","2009","N",915.8,"64","","E","E","",10,"US","063",08/21/2011,"08","2011","0","063","3","","01","480",48.08333,"WHEAT FIELD",,"0980",-98.08333,"","MICHIGAN","05","BLASTED IT","Unknown","38","21","07",08/17/2011,"17","08","2011",3,3.17,"100889028","","N"
"1","07","8","0","01","3","",0,"0","00","2","","","","351",35.2075,"0941",-94.20611,"","06569","","4","1720","Canada Goose","104898757",07/01/2009,"01","07","2009","N",1130.4,"45","","E","E","",10,"CA","000",01/03/2012,"01","2012","0","000","6","","01","510",51.08333,"",,"0994",-99.75,"","DAUPHIN","05","","CANADA GOOSE","03","21","61",09/24/2011,"24","09","2011",3,3.25,"104898757","","N"
"1","07","8","0","01","3","",0,"0","00","2","","","","352",35.4325,"0942",-94.37,"","06569","","4","1720","Canada Goose","104898821",07/01/2009,"01","07","2009","NE",434.1,"34","","E","E","",10,"US","107",11/07/2010,"11","2010","0","113","2","","01","401",40.25,"",,"0891",-89.25,"","ATLANTA","05","","CANADA GOOSE","17","21","61",11/06/2010,"06","11","2010",2,2.42,"104898821","","N"
"1","07","8","0","01","3","",0,"0","00","2","","","","352",35.4325,"0942",-94.37,"","06569","","4","1720","Canada Goose","104898861",07/01/2009,"01","07","2009","W",3.2,"67","","N","E","",11,"US","135",01/15/2013,"01","2013","0","135","3","","01","352",35.4212,"",,"0942",-94.42606,"","ROLAND","05","","CANADA GOOSE","40","21","61",01/13/2013,"13","01","2013",4,4.58,"104898861","","Y"
"1","07","8","0","01","3","",0,"0","00","2","","","","352",35.37333,"0925",-92.96861,"","06569","","4","1720","Canada Goose","100889170",06/25/2009,"25","06","2009","N",807.4,"64","","E","E","",10,"US","045",08/16/2012,"08","2012","0","045","3","","01","462",46.41667,"",,"0980",-98.08333,"","LA MOURE","05","","CANADA GOOSE","38","21","61",08/16/2012,"16","08","2012",4,4.17,"100889170","","N"
"1","07","8","0","01","3","",0,"0","02","2","","","","362",36.47139,"0941",-94.2825,"NECK COLLAR: MJ41 BLACK ON WHITE;","06569","","5","1720","Canada Goose","104898941",07/07/2009,"07","07","2009","SE",4.2,"52","","E","E","",10,"US","119",01/04/2012,"01","2012","0","119","2","","01","362",36.41667,"",,"0941",-94.25,"NECK COLLAR: MJ41 BLACK ON WHITE","JANE","05","","CANADA GOOSE","29","21","61",01/04/2012,"04","01","2012",3,3.58,"104898941","","Y"
"1","07","8","0","01","3","",0,"0","02","2","","","","362",36.47139,"0941",-94.2825,"NECK COLLAR: MJ58 BLACK ON WHITE;","06569","","5","1720","Canada Goose","104898958",07/07/2009,"07","07","2009","S",4.9,"52","","E","E","",11,"US","119",12/27/2012,"12","2012","0","119","2","","01","362",36.40227,"",,"0941",-94.30521,"NECK COLLAR: MJ58 BLACK ON WHITE","JANE","05","","CANADA GOOSE","29","21","61",12/27/2012,"27","12","2012",4,4.5,"104898958","","Y"
"1","07","8","0","01","3","",0,"0","02","2","","","","362",36.47139,"0941",-94.2825,"NECK COLLAR: MJ61 BLACK ON WHITE;","06569","","5","1720","Canada Goose","104898961",07/07/2009,"07","07","2009","SE",4.2,"52","","E","E","",10,"US","119",01/04/2012,"01","2012","0","119","2","","01","362",36.41667,"",,"0941",-94.25,"NECK COLLAR: MJ61 BLACK ON WHITE","JANE","05","","CANADA GOOSE","29","21","61",01/04/2012,"04","01","2012",3,3.58,"104898961","","Y"
"1","07","8","0","01","3","",0,"0","02","2","","","","362",36.44694,"0941",-94.28111,"NECK COLLAR: MJ87 BLACK ON WHITE;","06569","","4","1720","Canada Goose","104898987",07/07/2009,"07","07","2009","NW",33.4,"67","","Y","E","",10,"US","115",09/13/2009,"09","2009","0","115","3","","01","364",36.75,"",,"0944",-94.75,"NECK COLLAR: MJ87 BLACK ON WHITE","FAIRLAND","05","","CANADA GOOSE","40","21","61",09/13/2009,"13","09","2009",1,1.25,"104898987","","N"
"1","07","8","0","01","3","",0,"0","02","2","","","","362",36.44694,"0941",-94.28111,"NECK COLLAR: MJ89 BLACK ON WHITE;","06569","","5","1720","Canada Goose","104898989",07/07/2009,"07","07","2009","NW",33.4,"67","","E","E","",10,"US","115",09/10/2011,"09","2011","0","115","3","","01","364",36.75,"",,"0944",-94.75,"WHI/BLK","WYANDOTTE","05","","Unknown","40","21","07",09/10/2011,"10","09","2011",3,3.25,"104898989","","N"
"1","07","8","0","01","3","",0,"0","02","2","","","","362",36.44694,"0941",-94.28111,"NECK COLLAR: MJ91 BLACK ON WHITE;","06569","","4","1720","Canada Goose","104898991",07/07/2009,"07","07","2009","NW",33.4,"67","","N","E","",10,"US","115",09/11/2011,"09","2011","0","000","3","","01","364",36.75,"",,"0944",-94.75,"NECK COLLAR: MJ91 BLACK ON WHITE","FAIRLAND","05","","CANADA GOOSE","40","21","61",09/10/2011,"10","09","2011",3,3.25,"104898991","","N"
"1","07","8","0","01","3","",0,"0","02","2","","","","362",36.44694,"0941",-94.28111,"NECK COLLAR: MJ92 BLACK ON WHITE;","06569","","5","1720","Canada Goose","104898992",07/07/2009,"07","07","2009","E",67.1,"52","","Y","E","",10,"US","213",10/12/2010,"10","2010","0","213","2","","01","363",36.58333,"",,"0930",-93.08333,"WHI/BLK: MJ92","BRANSON","05","","Goose","29","21","07",10/10/2010,"10","10","2010",2,2.33,"104898992","","N"
"1","07","8","0","01","3","",0,"0","02","2","","","","362",36.44694,"0941",-94.28111,"NECK COLLAR: MJ98 BLACK ON WHITE;","06569","","4","1720","Canada Goose","104898998",07/07/2009,"07","07","2009","E",58,"52","","Y","E","",10,"US","213",10/12/2010,"10","2010","0","213","2","","01","363",36.58333,"",,"0931",-93.25,"WHI/BLK: MJ98","BRANSON","05","","Goose","29","21","07",10/10/2010,"10","10","2010",2,2.33,"104898998","","N"
"1","07","8","0","01","3","",10,"0","00","2","","","","351",35.25,"0931",-93.25,"","06569","","4","1720","Canada Goose","097888865",06/28/2002,"28","06","2002","N",438.7,"54","","N","E","Marked as deleted: no respond to fm letters;",10,"US","055",04/26/2009,"04","2009","0","","3","","01","411",41.25,"",,"0955",-95.91667,"","Omaha","05","","UNKNOWN","31","21","61",,"76","04","2009",99,,"097888865","","N"
"1","07","8","0","01","3","",10,"0","02","2","","","","352",35.41667,"0941",-94.25,"","06569","","4","1720","Canada Goose","097889372",06/20/2003,"20","06","2003","W",9.4,"67","","","","B#04256; C#3704",10,"US","000",09/12/2004,"09","2004","0","","3","","01","352",35.41667,"",,"0942",-94.41667,"","","03","","","40","21","06",09/11/2004,"11","09","2004",2,2.25,"097889372","","N"
"1","07","8","0","01","3","",10,"0","02","2","","","","352",35.41667,"0941",-94.25,"","06569","","5","1720","Canada Goose","097889377",06/20/2003,"20","06","2003","W",18.8,"67","","Y","E","",10,"US","135",01/17/2008,"01","2008","0","","3","","01","352",35.41667,"",,"0943",-94.58333,"","ROLAND","05","","CANADA GOOSE","40","21","61",01/17/2008,"17","01","2008",5,5.58,"097889377","","N"
"1","07","8","0","01","3","",10,"0","02","2","","","","352",35.41667,"0941",-94.25,"","06569","","4","1720","Canada Goose","097889305",06/20/2003,"20","06","2003","SW",14.9,"67","","","","B#03268; C#3903",10,"US","000",09/25/2003,"09","2003","0","","3","","01","351",35.25,"",,"0942",-94.41667,"","","03","","","40","21","06",09/20/2003,"20","09","2003",1,1.25,"097889305","","N"
"1","07","8","0","01","3","",10,"0","02","2","","","","352",35.41667,"0941",-94.25,"","06569","","4","1720","Canada Goose","097889323",06/20/2003,"20","06","2003","SW",36.4,"67","","","","B#05319; C#4505",10,"US","000",11/15/2005,"11","2005","0","","3","","29","350",35.08333,"",,"0944",-94.75,"","","07","","","40","21","01",11/06/2005,"06","11","2005",3,3.42,"097889323","","N"
"1","07","8","0","01","3","",10,"0","02","2","","","","352",35.41667,"0941",-94.25,"","06569","","5","1720","Canada Goose","097889348",06/20/2003,"20","06","2003","SW",22,"67","","","","B#04032; C#0504",10,"US","000",02/01/2004,"02","2004","0","","3","","01","351",35.25,"",,"0943",-94.58333,"","","03","","","40","21","06",01/22/2004,"22","01","2004",1,1.58,"097889348","","N"
"1","07","8","0","01","3","",10,"0","02","2","","","","352",35.41667,"0941",-94.25,"","06569","","5","1720","Canada Goose","097889363",06/20/2003,"20","06","2003","W",48.2,"67","","","","B#03348; C#5003",10,"US","000",12/14/2003,"12","2003","0","","3","","01","353",35.58333,"",,"0950",-95.08333,"","","03","","","40","21","06",12/11/2003,"11","12","2003",1,1.5,"097889363","","N"
"1","07","8","0","01","3","",10,"0","02","2","","","","352",35.41667,"0942",-94.41667,"","06569","","4","1720","Canada Goose","097889490",06/20/2003,"20","06","2003","W",39.2,"67","","","","B#03348; C#5003",10,"US","000",12/14/2003,"12","2003","0","","3","","01","353",35.58333,"",,"0950",-95.08333,"","","03","","","40","21","06",12/11/2003,"11","12","2003",1,1.5,"097889490","","N"
"1","07","8","0","01","3","",10,"0","02","2","","","","351",35.25,"0931",-93.25,"","06569","","4","1720","Canada Goose","097889006",06/28/2002,"28","06","2002","NE",851.5,"49","","Y","E","",10,"US","141",09/14/2007,"09","2007","0","","2","","01","451",45.25,"",,"0834",-83.75,"","POSEN","03","","CANADA GOOSE","26","21","61",09/14/2007,"14","09","2007",6,6.25,"097889006","","N"
"1","07","8","0","01","3","",10,"0","02","2","","","","351",35.25,"0931",-93.25,"","06569","","5","1720","Canada Goose","097889054",06/28/2002,"28","06","2002","NE",747.7,"49","","Y","E","",10,"US","133",11/23/2008,"11","2008","0","","2","","01","440",44.08333,"FISH POINT",,"0850",-85.08333,"WHI/BLK: PX54","MARION","05","","CANADA GOOSE","26","21","07",09/06/2008,"06","09","2008",7,7.25,"097889054","","N"
"1","07","8","0","01","3","",10,"0","00","2","","","","351",35.25,"0931",-93.25,"","06569","","4","1720","Canada Goose","097889689",07/01/2003,"01","07","2003","E",562.7,"27","","Y","E","",10,"US","",09/04/2006,"09","2006","0","","1","","01","330",33.08333,"",,"0834",-83.75,"","GRAY","03","","CANADA GOOSE","13","21","61",09/03/2006,"03","09","2006",4,4.25,"097889689","","N"
"1","07","8","0","01","3","",10,"0","00","2","","","","352",35.41667,"0934",-93.75,"","06569","","4","1720","Canada Goose","097888678",06/19/2003,"19","06","2003","N",719.3,"50","","","","B#04263; C#3804",10,"US","000",09/19/2004,"09","2004","0","","2","","01","453",45.58333,"",,"0964",-96.75,"","","03","","","27","21","06",09/09/2004,"09","09","2004",2,2.25,"097888678","","N"
"1","07","8","0","01","3","",10,"0","00","2","","","","352",35.41667,"0934",-93.75,"","06569","","4","1720","Canada Goose","097888683",06/19/2003,"19","06","2003","N",679.5,"50","","","","B#05251; C#3605",10,"US","000",09/08/2005,"09","2005","0","","2","","01","451",45.25,"",,"0941",-94.25,"","","03","","","27","21","06",09/05/2005,"05","09","2005",3,3.25,"097888683","","N"
"4","07","8","0","01","3","",10,"0","00","2","","","","352",35.41667,"0942",-94.41667,"","06569","","4","1720","Canada Goose","097889232",06/20/2003,"20","06","2003","N",559.2,"81","","","","B#04256; C#3704",10,"US","000",09/12/2004,"09","2004","0","","3","","01","431",43.25,"",,"0970",-97.08333,"","","03","","","46","21","06",09/11/2004,"11","09","2004",2,1.25,"097889232","","N"
"1","07","8","0","01","3","",10,"0","00","2","","","","351",35.25,"0931",-93.25,"","06569","","4","1720","Canada Goose","097890137",06/28/2004,"28","06","2004","N",517.3,"36","","Y","E","B#05277C#3905;",7,"US","197",10/04/2005,"10","2005","0","","2","","01","424",42.73331,"BIG WILD LAKE",,"0934",-93.71688,"","Wright County","05","","CAGO","19","21","06",10/03/2005,"03","10","2005",2,2.33,"097890137","","N"
"1","07","8","0","01","3","",10,"0","00","2","","","","351",35.25,"0942",-94.41667,"","06569","","5","1720","Canada Goose","097890276",06/30/2004,"30","06","2004","N",746.5,"81","","","","B#05254; C#3805",10,"US","000",09/11/2005,"09","2005","0","","3","","01","455",45.91667,"",,"0964",-96.75,"","","03","","","46","21","06",09/03/2005,"03","09","2005",2,2.25,"097890276","","N"
"1","07","8","0","01","3","",10,"0","00","2","","","","351",35.25,"0942",-94.41667,"","06569","","5","1720","Canada Goose","097890291",06/30/2004,"30","06","2004","W",30.4,"67","","Y","E","",10,"US","135",12/18/2008,"12","2008","0","","3","","01","352",35.41667,"KERR LAKE",,"0945",-94.91667,"","SALLISAW","05","","CANADA GOOSE","40","21","07",12/13/2008,"13","12","2008",5,5.5,"097890291","","N"
"1","07","8","0","01","3","",10,"0","00","2","","","","360",36.08333,"0940",-94.08333,"","06569","","5","1720","Canada Goose","097890357",07/01/2004,"01","07","2004","N",720.9,"50","","Y","E","",10,"US","111",09/07/2008,"09","2008","0","","2","","01","462",46.41667,"",,"0960",-96.08333,"","CARLISLE","05","","CANADA GOOSE","27","21","61",09/07/2008,"07","09","2008",5,5.25,"097890357","","N"
"1","07","8","0","01","3","",10,"0","00","2","","","","360",36.08333,"0940",-94.08333,"","06569","","4","1720","Canada Goose","097890365",07/01/2004,"01","07","2004","N",522.6,"50","","","","B#05289; C#4105",10,"US","000",10/16/2005,"10","2005","0","","2","","01","433",43.58333,"",,"0952",-95.41667,"","","03","","","27","21","06",10/09/2005,"09","10","2005",2,2.33,"097890365","","N"
"1","07","8","0","01","3","",10,"0","00","2","","","","360",36.08333,"0940",-94.08333,"","06569","","4","1720","Canada Goose","097890371",07/01/2004,"01","07","2004","N",208.9,"52","","","","B#06003; C#0106",10,"US","000",01/07/2006,"01","2006","0","","2","","01","390",39.08333,"",,"0943",-94.58333,"","","03","","","29","21","06",12/23/2005,"23","12","2005",2,2.5,"097890371","","N"
"1","07","8","0","01","3","",10,"0","00","2","","","","360",36.08333,"0940",-94.08333,"","06569","","4","1720","Canada Goose","097890377",07/01/2004,"01","07","2004","N",198.1,"52","","Y","E","",10,"US","",10/02/2006,"10","2006","0","","2","","01","384",38.75,"",,"0924",-92.75,"","TIPTON","05","","Canada Goose","29","21","07",09/30/2006,"30","09","2006",3,3.25,"097890377","","N"
"1","07","8","0","01","3","",10,"0","00","2","","","","352",35.41667,"0941",-94.25,"","06569","","4","1720","Canada Goose","097889891",06/30/2004,"30","06","2004","SW",22,"67","","Y","E","",10,"US","",07/14/2006,"07","2006","0","","3","","00","351",35.25,"",,"0943",-94.58333,"","SPIRO","03","","GOOSE","40","21","61",07/13/2006,"13","07","2006",2,3.08,"097889891","","N"
"1","07","8","0","01","3","",10,"0","00","2","","","","361",36.25,"0941",-94.25,"","06569","","5","1720","Canada Goose","097889913",07/01/2004,"01","07","2004","N",974.6,"45","","Y","E","",0,"CA","000",09/23/2007,"09","2007","0","","6","","01","500",50.05007,"",,"0982",-98.35434,"","Oakland","03","","CANADA GOOSE","03","21","61",09/23/2007,"23","09","2007",4,4.25,"097889913","","N"
"1","07","8","0","01","3","",10,"0","00","2","","","","361",36.25,"0941",-94.25,"","06569","","5","1720","Canada Goose","097889933",07/01/2004,"01","07","2004","N",974.6,"45","","Y","E","",0,"CA","000",09/23/2007,"09","2007","0","","6","","01","500",50.05007,"",,"0982",-98.35434,"","Oakland","03","","CANADA GOOSE","03","21","61",09/23/2007,"23","09","2007",4,4.25,"097889933","","N"
"1","07","8","0","01","3","",10,"0","00","2","","","","361",36.25,"0941",-94.25,"","06569","","5","1720","Canada Goose","097889935",07/01/2004,"01","07","2004","N",819.8,"64","","Y","E","",10,"US","063",10/06/2007,"10","2007","0","","3","","01","474",47.75,"",,"0981",-98.25,"","PEKIN","03","","CANADA GOOSE","38","21","61",10/06/2007,"06","10","2007",4,4.33,"097889935","","N"
"1","07","8","0","01","3","",10,"0","00","2","","","","361",36.25,"0941",-94.25,"","06569","","5","1720","Canada Goose","097889936",07/01/2004,"01","07","2004","N",437.3,"36","","Y","E","",10,"US","151",10/01/2007,"10","2007","0","","2","","01","423",42.58333,"",,"0941",-94.25,"","GILMORE CITY","03","","CANADA GOOSE","19","21","61",10/01/2007,"01","10","2007",4,4.33,"097889936","","N"
"1","07","8","0","01","3","",10,"0","00","2","","","","351",35.25,"0931",-93.25,"","06569","","4","1720","Canada Goose","097890031",07/01/2003,"01","07","2003","N",650,"81","","E","E","lrm: DM;;;",0,"US","079",09/08/2012,"09","2012","0","079","3","","01","440",44.12906,"Slough",,"0971",-97.32734,"","Ramona","05","Band was quite worn, very thin","Canada Goose","46","21","07",09/08/2012,"08","09","2012",10,10.25,"097890031","","N"
"1","07","8","0","01","3","",10,"0","00","2","","","","351",35.25,"0935",-93.91667,"","06569","","5","1720","Canada Goose","097890073",06/29/2004,"29","06","2004","N",1104.5,"45","","E","E","",10,"CA","000",10/28/2008,"10","2008","0","","6","","01","510",51.08333,"",,"0970",-97.08333,"","RIVERTON","05","","CANADA GOOSE","03","21","61",09/26/2008,"26","09","2008",5,5.25,"097890073","","N"
"1","07","8","0","01","3","",10,"0","00","2","","","","351",35.25,"0931",-93.25,"","06569","","4","1720","Canada Goose","097889678",07/01/2003,"01","07","2003","N",1051.9,"45","","Y","E","",10,"CA","000",09/11/2009,"09","2009","0","000","6","","01","501",50.25,"",,"0965",-96.91667,"","PETERSFIELD","05","","CANADA GOOSE","03","21","61",09/11/2009,"11","09","2009",7,7.25,"097889678","","N"
"1","07","8","0","01","3","",10,"0","00","2","","","","352",35.41667,"0931",-93.25,"","06569","","5","1720","Canada Goose","097889626",06/24/2003,"24","06","2003","N",813.4,"64","","Y","E","",10,"US","003",09/15/2007,"09","2007","0","","3","","01","463",46.58333,"",,"0981",-98.25,"","LITCHVILLE","03","","CANADA GOOSE","38","21","61",09/15/2007,"15","09","2007",5,5.25,"097889626","","N"
"2","07","8","0","01","3","",10,"0","00","2","","","","352",35.41667,"0934",-93.75,"","06569","","4","1720","Canada Goose","098848994",06/29/2004,"29","06","2004","N",1015.1,"45","","Y","E","",10,"CA","000",10/04/2010,"10","2010","0","000","6","","01","495",49.91667,"",,"0970",-97.08333,"","Winnipeg","05","","CANADA GOOSE","03","21","61",10/05/2009,"05","10","2009",6,5.33,"098848994","","N"
"1","07","8","0","01","3","",10,"0","02","2","","","","360",36.08333,"0940",-94.08333,"","06569","","4","1720","Canada Goose","098849006",07/02/2003,"02","07","2003","N",208.9,"38","","","","B#05290; C#4105",10,"US","000",10/17/2005,"10","2005","0","","3","","29","390",39.08333,"",,"0943",-94.58333,"","","07","","","20","21","01",09/24/2005,"24","09","2005",3,3.25,"098849006","","N"
"1","07","8","0","01","3","",10,"0","02","2","","","","360",36.08333,"0940",-94.08333,"","06569","","4","1720","Canada Goose","098849009",07/02/2003,"02","07","2003","NE",697.2,"49","","","","B#05285; C#4005",10,"US","000",10/12/2005,"10","2005","0","","2","","29","421",42.25,"",,"0834",-83.75,"","","07","","","26","21","01",08/01/2005,"01","08","2005",3,3.17,"098849009","","N"
"1","07","8","0","01","3","",10,"0","02","2","","","","360",36.08333,"0940",-94.08333,"","06569","","4","1720","Canada Goose","098849010",07/02/2003,"02","07","2003","N",662.8,"50","","Y","E","",10,"US","149",09/12/2007,"09","2007","0","","2","","01","453",45.58333,"",,"0955",-95.91667,"WHNKBD: MR10","MORRIS","03","","CANADA GOOSE","27","21","61",09/08/2007,"08","09","2007",5,5.25,"098849010","","N"
"1","07","8","0","01","3","",10,"0","02","2","","","","360",36.08333,"0940",-94.08333,"","06569","","4","1720","Canada Goose","098849011",07/02/2003,"02","07","2003","NE",57.8,"52","","Y","E","",10,"US","",07/17/2006,"07","2006","0","","2","","44","363",36.58333,"KANAKUK KAMP",,"0931",-93.25,"","BRANSON","05","","Canada Goose","29","22","07",06/22/2006,"22","06","2006",3,4,"098849011","","N"
"1","07","8","0","01","3","",10,"0","02","2","","","","360",36.08333,"0940",-94.08333,"","06569","","5","1720","Canada Goose","098849022",07/02/2003,"02","07","2003","N",361.2,"36","","Y","E","",0,"US","153",09/02/2006,"09","2006","0","","2","","01","411",41.30287,"",,"0933",-93.63494,"NECK COLLAR: MR22 WHITE","South Des Moines","03","","CANADA GOOSE","19","21","61",09/02/2006,"02","09","2006",4,4.25,"098849022","","N"
"1","07","8","0","01","3","",10,"0","00","2","","","","361",36.25,"0941",-94.25,"","06569","","5","1720","Canada Goose","098849545",07/01/2004,"01","07","2004","N",875.2,"50","","","","B#05263; C#3705",10,"US","000",09/20/2005,"09","2005","0","","2","","01","485",48.91667,"",,"0945",-94.91667,"","","03","","","27","21","06",09/13/2005,"13","09","2005",2,2.25,"098849545","","N"
"1","07","8","0","01","3","",10,"0","00","2","","","","361",36.25,"0941",-94.25,"","06569","","4","1720","Canada Goose","098849557",07/01/2004,"01","07","2004","N",993,"45","","Y","E","",0,"CA","000",10/04/2006,"10","2006","0","","6","","01","501",50.22583,"",,"0985",-98.95,"","GLADSTONE","03","","CANADA GOOSE","03","21","61",09/16/2006,"16","09","2006",3,3.25,"098849557","","N"
"1","07","8","0","01","3","",10,"0","02","2","","","","360",36.08333,"0940",-94.08333,"","06569","","5","1720","Canada Goose","098849038",07/02/2003,"02","07","2003","N",658.7,"50","","Y","E","",10,"US","",09/11/2006,"09","2006","0","","2","","01","453",45.58333,"",,"0951",-95.25,"","GLENWOOD","03","","GOOSE","27","21","61",09/11/2006,"11","09","2006",4,4.25,"098849038","","N"
"1","07","8","0","01","3","",10,"0","02","2","","","","360",36.08333,"0940",-94.08333,"","06569","","4","1720","Canada Goose","098849066",07/02/2003,"02","07","2003","N",253.7,"52","","Y","E","",0,"US","033",01/31/2007,"01","2007","0","","2","","01","394",39.74663,"",,"0934",-93.71688,"","Ulrich","03","","CANADA GOOSE","29","21","61",12/04/2006,"04","12","2006",4,4.5,"098849066","","N"
"1","07","8","0","01","3","",10,"0","02","2","","","","360",36.08333,"0940",-94.08333,"","06569","","5","1720","Canada Goose","098849068",07/02/2003,"02","07","2003","N",1147.4,"45","","9","E","B#05283; C#4005",10,"CA","000",10/10/2005,"10","2005","0","","6","","01","522",52.41667,"",,"0982",-98.41667,"","","03","","","03","21","06",10/02/2005,"02","10","2005",3,3.33,"098849068","","N"
"4","07","8","0","01","3","",10,"0","02","2","","","","360",36.08333,"0940",-94.08333,"","06569","","5","1720","Canada Goose","098849073",07/02/2003,"02","07","2003","N",633.5,"50","","Y","E","",10,"US","171",09/14/2008,"09","2008","0","","2","","01","451",45.25,"CENTRAL MN",,"0933",-93.58333,"WHI/BLK: MR73","OTSEGO","05","","CANADA GOOSE","27","21","07",09/13/2008,"13","09","2008",6,5.25,"098849073","","N"
"4","07","8","0","01","3","",10,"0","02","2","","","","360",36.08333,"0940",-94.08333,"","06569","","5","1720","Canada Goose","098849078",07/02/2003,"02","07","2003","N",621,"81","","","","B#05030; C#0405",10,"US","000",01/30/2005,"01","2005","0","","3","","01","444",44.75,"",,"0971",-97.25,"","","03","","","46","21","06",10/22/2004,"22","10","2004",2,1.33,"098849078","","N"
"4","07","8","0","01","3","",10,"0","02","2","","","","360",36.08333,"0940",-94.08333,"","06569","","5","1720","Canada Goose","098849083",07/02/2003,"02","07","2003","N",544.3,"50","","Y","E","",0,"US","105",06/27/2006,"06","2006","0","","2","","66","435",43.898,"TALCOT LAKE WMA",,"0952",-95.43541,"WHI/BLK: MR83","Dundee","07","","Canada Goose","27","23","07",06/27/2006,"27","06","2006",3,3,"098849083","","N"
"4","07","8","0","01","3","",10,"0","02","2","","","","360",36.08333,"0940",-94.08333,"","06569","","5","1720","Canada Goose","098849083",07/02/2003,"02","07","2003","N",1222.5,"45","","Y","E","LOCATION & N/A CORRECTED",10,"CA","000",10/31/2007,"10","2007","0","","6","","01","532",53.41667,"",,"0991",-99.25,"NECK COLLAR: MR83 WHITE","Selkirk Island","03","","UNKNOWN","03","21","01",09/09/2007,"09","09","2007",5,4.25,"098849083","","N"
"4","07","8","0","01","3","",10,"0","02","2","","","","360",36.08333,"0940",-94.08333,"","06569","","5","1720","Canada Goose","098849085",07/02/2003,"02","07","2003","N",414.3,"36","","Y","E","",10,"US","",10/06/2006,"10","2006","0","","2","","01","420",42.08333,"",,"0940",-94.08333,"WHNKBD: MR85","OGDEN","03","","CANADA GOOSE","19","21","61",10/06/2006,"06","10","2006",4,3.33,"098849085","","N"
"4","07","8","0","01","3","",10,"0","02","2","","","","360",36.08333,"0940",-94.08333,"","06569","","5","1720","Canada Goose","098849088",07/02/2003,"02","07","2003","N",563.9,"50","","","","B#04312; C#4504",10,"US","000",11/07/2004,"11","2004","0","","2","","01","441",44.25,"",,"0940",-94.08333,"","","03","","","27","21","06",11/02/2004,"02","11","2004",2,1.42,"098849088","","N"
"4","07","8","0","01","3","",10,"0","02","2","","","","360",36.08333,"0940",-94.08333,"","06569","","4","1720","Canada Goose","098849089",07/02/2003,"02","07","2003","W",56.9,"67","","Y","E","",10,"US","",01/23/2007,"01","2007","0","","3","","01","361",36.25,"",,"0950",-95.08333,"","SALINA","03","","CANADA GOOSE","40","21","61",01/23/2007,"23","01","2007",4,3.58,"098849089","","N"
"4","07","8","0","01","3","",10,"0","02","2","","","","360",36.08333,"0940",-94.08333,"","06569","","4","1720","Canada Goose","098849098",07/02/2003,"02","07","2003","N",1267.6,"45","","","","B#05335; C#4805",10,"CA","000",12/01/2005,"12","2005","0","","6","","01","534",53.75,"",,"1011",-101.25,"","","05","","","03","21","06",09/11/2005,"11","09","2005",3,2.25,"098849098","","N"
"1","07","8","0","01","3","",10,"0","00","2","","","","351",35.25,"0931",-93.25,"","06569","","4","1720","Canada Goose","098849150",06/28/2004,"28","06","2004","N",370.5,"36","","Y","E","",10,"US","111",10/01/2007,"10","2007","0","","2","","01","402",40.41667,"",,"0912",-91.41667,"","KEOKUK","03","","CANADA GOOSE","19","21","61",10/01/2007,"01","10","2007",4,4.33,"098849150","","N"
"4","07","8","0","01","3","",10,"0","02","2","","","","360",36.08333,"0940",-94.08333,"","06569","","4","1720","Canada Goose","098849102",07/02/2003,"02","07","2003","N",713.8,"64","","Y","E","B#05268C#3805",10,"US","",02/23/2006,"02","2006","0","","3","","01","461",46.25,"",,"0963",-96.58333,"","Wahpeton","03","","CANADA GOOSE","38","21","06",09/24/2005,"24","09","2005",3,2.25,"098849102","","N"
"4","07","8","0","01","3","",10,"0","02","2","","","","360",36.08333,"0940",-94.08333,"","06569","","5","1720","Canada Goose","098849107",07/02/2003,"02","07","2003","N",541.5,"50","","","","B#04272; C#3904",10,"US","000",09/28/2004,"09","2004","0","","2","","01","435",43.91667,"",,"0943",-94.58333,"","","05","","","27","21","06",09/28/2004,"28","09","2004",2,1.25,"098849107","","N"
"4","07","8","0","01","3","",10,"0","02","2","","","","360",36.08333,"0940",-94.08333,"","06569","","5","1720","Canada Goose","098849107",07/02/2003,"02","07","2003","N",542,"50","","","","B#04278; C#4004",10,"US","000",10/04/2004,"10","2004","0","","2","","29","435",43.91667,"",,"0944",-94.75,"","","07","","","27","21","01",09/26/2004,"26","09","2004",2,1.25,"098849107","","N"
"4","07","8","0","01","3","",10,"0","02","2","","","","360",36.08333,"0940",-94.08333,"","06569","","4","1720","Canada Goose","098849108",07/02/2003,"02","07","2003","NW",538.5,"54","","","","B#04363; C#5204",10,"US","000",12/28/2004,"12","2004","0","","3","","01","410",41.08333,"",,"1014",-101.75,"","","04","","","31","21","06",12/27/2004,"27","12","2004",2,1.5,"098849108","","N"
"4","07","8","0","01","3","",10,"0","02","2","","","","360",36.08333,"0940",-94.08333,"","06569","","4","1720","Canada Goose","098849109",07/02/2003,"02","07","2003","W",141.7,"67","","Y","E","",10,"US","",11/23/2006,"11","2006","0","","3","","01","354",35.75,"",,"0963",-96.58333,"","STROUD","03","","CANADA GOOSE","40","21","61",11/23/2006,"23","11","2006",4,3.42,"098849109","","N"
"4","07","8","0","01","3","",10,"0","02","2","","","","360",36.08333,"0940",-94.08333,"","06569","","4","1720","Canada Goose","098849111",07/02/2003,"02","07","2003","N",509.1,"36","","","","B#04292; C#4204",10,"US","000",10/18/2004,"10","2004","0","","2","","01","432",43.41667,"",,"0950",-95.08333,"","","03","","","19","21","06",10/16/2004,"16","10","2004",2,1.33,"098849111","","N"
"1","07","8","0","01","3","",10,"0","02","2","","","","360",36.08333,"0940",-94.08333,"","06569","","4","1720","Canada Goose","098849120",07/02/2003,"02","07","2003","N",485.3,"36","","","","B#04263; C#3804",10,"US","000",09/19/2004,"09","2004","0","","2","","01","430",43.08333,"",,"0945",-94.91667,"","","03","","","19","21","06",09/12/2004,"12","09","2004",2,2.25,"098849120","","N"
"1","07","8","0","01","3","",10,"0","00","2","","","","352",35.41667,"0933",-93.58333,"","06569","","4","1720","Canada Goose","098849198",06/28/2004,"28","06","2004","N",667.5,"50","","","","B#05298; C#4205",10,"US","000",10/25/2005,"10","2005","0","","2","","01","450",45.08333,"",,"0934",-93.75,"","","03","","","27","21","06",10/23/2005,"23","10","2005",2,2.33,"098849198","","N"
"1","07","8","0","01","3","Mod. per 06569_201307091649B;",0,"0","00","2","","","","351",35.19167,"0924",-92.725,"","06569","","4","1720","Canada Goose","104898147",06/25/2008,"25","06","2008","N",100.5,"52","","Y","E","des and town in the same blk ;",10,"US","213",10/06/2009,"10","2009","0","213","2","","01","363",36.58333,"TABLE ROCK LAKE",,"0931",-93.25,"","BRANSON","05","","CANADA GOOSE","29","21","07",10/06/2009,"06","10","2009",2,2.33,"104898147","","N"
"1","07","8","0","01","3","",0,"0","00","2","","","","351",35.29611,"0931",-93.27333,"","06569","","4","1720","Canada Goose","104898634",06/27/2008,"27","06","2008","N",735.6,"81","","E","E","lrm: DM;",0,"US","115",11/08/2013,"11","2013","0","115","3","","01","450",45.16578,"WPA Slough",,"0983",-98.54902,"","Northville","05","","Canada Goose","46","21","07",11/06/2013,"06","11","2013",6,6.42,"104898634","","N"
"1","07","8","0","01","3","",0,"0","00","2","","","","341",34.17361,"0933",-93.66444,"","06569","","4","1720","Canada Goose","103887226",06/26/2008,"26","06","2008","SW",77,"83","","Y","E","",10,"US","037",11/29/2010,"11","2010","0","037","3","","01","331",33.25,"",,"0942",-94.41667,"","NEW BOSTON","05","","GOOSE","48","21","61",,"99","11","2010",3,3.42,"103887226","","N"
"1","07","8","0","41","3","",0,"0","00","2","","","","362",36.47139,"0941",-94.2825,"","06569","","4","1720","Canada Goose","107822195",07/06/2010,"06","07","2010","N",54.3,"52","","Y","E","",10,"US","097",10/10/2010,"10","2010","0","097","2","","01","371",37.25,"",,"0942",-94.41667,"","ORONOGO","05","","CANADA GOOSE","29","21","61",10/10/2010,"10","10","2010",1,1.33,"107822195","","N"
"1","07","8","0","41","3","",0,"0","00","2","","","","362",36.47139,"0941",-94.2825,"","06569","","5","1720","Canada Goose","107822200",07/06/2010,"06","07","2010","N",54.3,"52","","Y","E","",10,"US","097",10/24/2010,"10","2010","0","097","2","","03","371",37.25,"",,"0942",-94.41667,"","ORONOGO","10","","CANADA GOOSE","29","21","61",10/24/2010,"24","10","2010",1,1.33,"107822200","","N"
"1","07","8","0","41","3","",0,"0","00","2","","","","362",36.45722,"0941",-94.32139,"","06569","","4","1720","Canada Goose","107822250",07/06/2010,"06","07","2010","W",25.3,"67","","Y","E","",10,"US","041",09/11/2010,"09","2010","0","041","3","","01","363",36.58333,"",,"0944",-94.75,"","GROVE","05","","CANADA GOOSE","40","21","61",09/11/2010,"11","09","2010",1,1.25,"107822250","","N"
"1","07","8","0","41","3","",0,"0","02","2","","","","362",36.47139,"0941",-94.2825,"NECK COLLAR: MH95 BLACK ON WHITE;","06569","","4","1720","Canada Goose","107822282",07/06/2010,"06","07","2010","N",7.9,"52","","E","E","",10,"US","119",01/18/2012,"01","2012","0","119","2","","01","363",36.58333,"LITTLE SUGAR CREEK",,"0941",-94.25,"WHI/BLK: MH95","JANE","05","","Unknown","29","21","07",01/18/2012,"18","01","2012",2,2.58,"107822282","","N"
"1","07","8","0","41","3","",0,"0","00","2","","","","362",36.47139,"0941",-94.2825,"","06569","","4","1720","Canada Goose","107822292",07/06/2010,"06","07","2010","NW",88.6,"38","","N","E","",10,"US","133",11/24/2011,"11","2011","0","133","3","","01","373",37.58333,"KILLED AT JO RANCH",,"0950",-95.08333,"","ST PAUL","05","","CANADA GOOSE","20","21","07",11/24/2011,"24","11","2011",2,2.42,"107822292","","N"
"1","07","8","0","41","3","",0,"0","00","2","","","","362",36.47139,"0941",-94.2825,"","06569","","5","1720","Canada Goose","107822298",07/06/2010,"06","07","2010","SE",4.2,"52","","E","E","",10,"US","119",01/13/2012,"01","2012","0","119","2","","01","362",36.41667,"LITTLE SUGAR CREEK",,"0941",-94.25,"","JANE","05","","CANADA GOOSE","29","21","07",01/13/2012,"13","01","2012",2,2.58,"107822298","","Y"
"1","07","8","0","41","3","",0,"0","00","2","","","","362",36.47139,"0941",-94.2825,"","06569","","4","1720","Canada Goose","107822303",07/06/2010,"06","07","2010","N",1010.1,"45","","E","E","lrm: D;",11,"CA","000",10/08/2014,"10","2014","0","000","6","","01","505",50.9053,"",,"0973",-97.60694,"","Poplarfield","05","","Canada Goose","03","21","07",07/24/2014,"24","07","2014",4,5.08,"107822303","","N"
"1","07","8","0","41","3","",0,"0","00","2","","","","351",35.19167,"0924",-92.725,"","06569","","5","1720","Canada Goose","107821548",06/30/2010,"30","06","2010","N",1072,"45","","E","E","modified spp. per fndr email 10/22/11",10,"CA","000",09/11/2011,"09","2011","0","000","6","","01","502",50.41667,"",,"0965",-96.91667,"","PETERSFIELD","05","MANITOBA CANADA","CANADA GOOSE","03","21","07",09/10/2011,"10","09","2011",2,2.25,"107821548","","N"
"1","07","8","0","41","3","",0,"0","00","2","","","","352",35.37333,"0925",-92.96861,"","06569","","4","1720","Canada Goose","107821662",06/30/2010,"30","06","2010","N",623,"81","","E","E","loc des found in place 10 min blk ;",10,"US","099",09/05/2011,"09","2011","0","099","3","","01","435",43.91667,"MINNEHAHA/MOODY COUNTY LINE BY THE BIG SIOUX RIVER",,"0964",-96.75,"","DELL RAPIDS","05","","CANADA GOOSE","46","21","07",09/05/2011,"05","09","2011",2,2.25,"107821662","","N"
"1","07","8","0","41","3","",0,"0","00","2","","","","352",35.37333,"0925",-92.96861,"","06569","","5","1720","Canada Goose","107821671",06/30/2010,"30","06","2010","N",656.5,"81","","E","E","",10,"US","077",08/24/2012,"08","2012","0","079","3","","01","441",44.25,"",,"0972",-97.41667,"","OLDHAM","05","","CANADA GOOSE","46","21","61",08/24/2012,"24","08","2012",3,3.17,"107821671","","N"
"1","07","8","0","41","3","",0,"0","00","2","","","","352",35.37333,"0925",-92.96861,"","06569","","5","1720","Canada Goose","107821704",06/30/2010,"30","06","2010","N",926.7,"64","","N","E","",10,"US","063",08/19/2011,"08","2011","0","063","3","","01","481",48.25,"BARLEY FIELD",,"0980",-98.08333,"","MICHIGAN CITY","05","","Unknown","38","21","07",08/17/2011,"17","08","2011",2,2.17,"107821704","","N"
"1","07","8","0","41","3","",0,"0","00","2","","","","351",35.20944,"0935",-93.87639,"","06569","","5","1720","Canada Goose","107821920",07/01/2010,"01","07","2010","NW",719.5,"81","","E","E","lrm: D;;;",11,"US","065",04/29/2013,"04","2013","0","065","3","","52","442",44.37556,"Capitol Lake",,"1002",-100.35097,"RIGHT LEG BAND #1: M162 WHITE ON RED","Pierre","07","Took a picture of it at Capitol Lake in Pierre, SD","Canada Goose","46","21","07",01/18/2013,"18","01","2013",3,3.58,"107821920","","N"
"2","07","8","0","01","3","Aged HY because flight feathers fully grown, per email -- DB",0,"0","00","2","","","","352",35.37333,"0925",-92.96861,"","06569","","4","1720","Canada Goose","100889146",06/25/2009,"25","06","2009","NE",313.1,"34","","N","E","",11,"US","065",09/14/2014,"09","2014","0","065","2","","01","381",38.19487,"",,"0883",-88.53561,"","MCLEANSBOROUGH","05","","CANADA GOOSE","17","21","61",09/14/2014,"14","09","2014",6,5.25,"100889146","","N"
"1","07","8","0","01","3","",10,"0","02","2","","","","352",35.41667,"0931",-93.25,"","06569","","4","1720","Canada Goose","091896159",06/25/2002,"25","06","2002","N",236.7,"52","","","","B#06029; C#0506",10,"US","000",02/04/2006,"02","2006","0","","2","","01","384",38.75,"",,"0921",-92.25,"","","03","","","29","21","06",01/24/2006,"24","01","2006",4,4.58,"091896159","","N"
"1","07","8","0","01","3","",10,"0","00","2","","","","351",35.25,"0941",-94.25,"","06569","","5","1720","Canada Goose","098849435",06/29/2005,"29","06","2005","N",1036.5,"45","","Y","E","",10,"CA","000",11/22/2008,"11","2008","0","","6","","01","500",50.08333,"",,"0972",-97.41667,"","SELKIRK","05","","CANADA GOOSE","03","21","61",09/24/2008,"24","09","2008",4,4.25,"098849435","","N"
"1","07","8","0","01","3","",10,"0","00","2","","","","361",36.25,"0941",-94.25,"","06569","","4","1720","Canada Goose","098849515",07/01/2004,"01","07","2004","N",819.8,"64","","Y","E","",10,"US","063",10/06/2007,"10","2007","0","","3","","01","474",47.75,"",,"0981",-98.25,"","PEKIN","03","","CANADA GOOSE","38","21","61",10/06/2007,"06","10","2007",4,4.33,"098849515","","N"
"1","07","8","0","01","3","",10,"0","00","2","","","","361",36.25,"0941",-94.25,"","06569","","4","1720","Canada Goose","098849524",07/01/2004,"01","07","2004","N",1021.3,"45","","E","E","",10,"CA","000",10/21/2011,"10","2011","0","000","6","","01","505",50.91667,"EINER EINERSON LAND",,"0965",-96.91667,"","Riverton","05","","CANADA GOOSE","03","21","07",09/28/2011,"28","09","2011",8,8.25,"098849524","","N"
"1","07","8","0","01","3","",10,"0","00","2","","","","361",36.25,"0941",-94.25,"","06569","","5","1720","Canada Goose","100888174",07/01/2005,"01","07","2005","N",811,"64","","Y","E","",10,"US","039",09/01/2006,"09","2006","0","","3","","01","473",47.58333,"",,"0982",-98.41667,"","Binford","05","","CAGO","38","21","62",09/01/2006,"01","09","2006",2,2.25,"100888174","","N"
"1","07","8","0","01","3","",10,"0","00","2","","","","361",36.25,"0941",-94.25,"","06569","","4","1720","Canada Goose","100888180",07/01/2005,"01","07","2005","N",1023.5,"45","","Y","E","",10,"CA","",10/01/2008,"10","2008","0","","6","","01","505",50.91667,"ARBORG, MB CANADA",,"0971",-97.25,"","ARBORG","05","","CANADA GOOSE","03","21","07",09/22/2008,"22","09","2008",4,4.25,"100888180","","N"
"1","07","8","0","01","3","",10,"0","00","2","","","","361",36.25,"0941",-94.25,"","06569","","4","1720","Canada Goose","100888185",07/01/2005,"01","07","2005","W",595.2,"17","","E","E","record flagged for unusual movement, no response from fndr",10,"US","101",02/16/2012,"02","2012","0","101","3","","52","382",38.41667,"CATTAIL CROSSING",,"1044",-104.75,"","PUEBLO WEST","07","","CANADA GOOSE","08","21","07",02/16/2012,"16","02","2012",7,7.67,"100888185","","N"
"1","07","8","0","01","3","",10,"0","00","2","","","","352",35.41667,"0941",-94.25,"","06569","","5","1720","Canada Goose","100888154",06/29/2005,"29","06","2005","W",48.2,"67","","Y","E","",10,"US","101",12/18/2007,"12","2007","0","","3","","01","353",35.58333,"",,"0950",-95.08333,"","WEBBERS FALLS","03","","CANADA GOOSE","40","21","61",12/16/2007,"16","12","2007",3,3.5,"100888154","","N"
"1","07","8","0","01","3","",10,"0","00","2","","","","351",35.25,"0931",-93.25,"","06569","","4","1720","Canada Goose","100888414",06/27/2005,"27","06","2005","N",679.5,"50","","Y","E","",10,"US","",09/02/2006,"09","2006","0","","2","","01","450",45.08333,"",,"0934",-93.75,"","MAPLE PLAIN","03","","GOOSE","27","21","61",09/02/2006,"02","09","2006",2,2.25,"100888414","","N"
"1","07","8","0","01","3","M",0,"0","00","2","","","","334",33.70833,"0935",-93.94167,"","06569","","5","1720","Canada Goose","103887068",06/24/2008,"24","06","2008","SW",36.3,"83","","9","E","",10,"US","037",12/16/2008,"12","2008","0","","3","","01","331",33.25,"",,"0941",-94.25,"","TEXARKANA","05","","CANADA GOOSE","48","21","61",12/16/2008,"16","12","2008",1,1.5,"103887068","","N"
"4","07","8","0","41","3","",0,"0","00","2","","","","335",33.985,"0912",-91.365,"","06569","","5","1720","Canada Goose","114825113",06/26/2013,"26","06","2013","N",747.8,"50","","E","E","",11,"US","037",11/09/2014,"11","2014","0","037","2","","01","444",44.75354,"NO PRIVATE LAND",,"0925",-92.8668,"","HASTINGS","05","HUNTING","CANADIAN GOOSE","27","21","61",11/02/2014,"02","11","2014",2,1.42,"114825113","","N"
"1","07","8","0","41","3","",0,"0","00","2","","","","354",35.69139,"0895",-89.99139,"","06569","","5","1720","Canada Goose","114890028",07/01/2013,"01","07","2013","N",207.8,"34","","E","E","lrm: W; assigned coord per location desc.;",13,"US","",09/12/2014,"09","2014","0","","2","","01","384",38.69949,"horseshoe lake pontoon beach",,"0900",-90.08511,"","","05","","Canada Goose","17","21","07",09/12/2014,"12","09","2014",2,2.25,"114890028","","N"
"1","07","8","0","41","3","",0,"0","00","2","","","","354",35.69139,"0895",-89.99139,"","06569","","5","1720","Canada Goose","114890034",07/01/2013,"01","07","2013","SE",20.7,"82","","E","E","lrm: D;",11,"US","167",09/02/2014,"09","2014","0","167","2","","01","352",35.48397,"",,"0894",-89.72508,"","Brighton","05","","Canada Goose","47","21","07",09/02/2014,"02","09","2014",2,2.25,"114890034","","N"
"1","07","8","0","41","3","",0,"0","00","2","","","","354",35.69139,"0895",-89.99139,"","06569","","5","1720","Canada Goose","114890057",07/01/2013,"01","07","2013","SE",22.4,"82","","E","E","lrm: D;",11,"US","157",01/28/2014,"01","2014","0","157","2","","45","352",35.39275,"",,"0895",-89.83472,"","Millington","05","","Canada Goose","47","21","07",01/25/2014,"25","01","2014",1,1.58,"114890057","","N"
"1","07","8","0","41","3","",0,"0","00","2","","","","354",35.69139,"0895",-89.99139,"","06569","","4","1720","Canada Goose","114890063",07/01/2013,"01","07","2013","SE",21.7,"82","","E","E","",11,"US","167",09/03/2013,"09","2013","0","167","2","","01","353",35.54974,"",,"0893",-89.64647,"","Covington","05","","CANADA GOOSE","47","21","61",09/02/2013,"02","09","2013",1,1.25,"114890063","","N"
"1","07","8","0","41","3","",0,"0","00","2","","","","354",35.69139,"0895",-89.99139,"","06569","","5","1720","Canada Goose","114890064",07/01/2013,"01","07","2013","SE",21.1,"82","","E","E","",11,"US","167",09/01/2014,"09","2014","0","157","2","","01","352",35.49549,"",,"0894",-89.70366,"","BURLISON","05","","CANADA GOOSE","47","21","61",09/01/2014,"01","09","2014",2,2.25,"114890064","","N"
"1","07","8","0","41","3","",0,"0","00","2","","","","354",35.69139,"0895",-89.99139,"","06569","","5","1720","Canada Goose","114890082",07/01/2013,"01","07","2013","S",75.9,"51","","E","E","",11,"US","137",12/16/2014,"12","2014","0","137","2","","01","343",34.6176,"",,"0894",-89.70548,"","SENATOBIA","05","","CANADA GOOSE","28","21","61",11/28/2013,"28","11","2013",1,1.42,"114890082","","N"
"1","07","8","0","41","3","",0,"0","00","2","","","","354",35.69139,"0895",-89.99139,"","06569","","4","1720","Canada Goose","114890090",07/01/2013,"01","07","2013","SE",24.2,"82","","E","E","",11,"US","167",09/13/2013,"09","2013","0","167","2","","01","352",35.44119,"",,"0894",-89.68952,"","Atoka","05","","CANADA GOOSE","47","21","61",09/13/2013,"13","09","2013",1,1.25,"114890090","","N"
"1","07","8","0","41","3","",0,"0","00","2","","","","354",35.69139,"0895",-89.99139,"","06569","","5","1720","Canada Goose","114890093",07/01/2013,"01","07","2013","S",75.9,"51","","E","E","",11,"US","137",12/16/2014,"12","2014","0","137","2","","01","343",34.6176,"",,"0894",-89.70548,"","SENATOBIA","05","","CANADA GOOSE","28","21","61",11/28/2013,"28","11","2013",1,1.42,"114890093","","N"
"1","07","8","0","41","3","",0,"0","00","2","","","","354",35.69139,"0895",-89.99139,"","06569","","5","1720","Canada Goose","114890113",07/01/2013,"01","07","2013","SE",23.1,"82","","E","E","",11,"US","167",09/02/2014,"09","2014","0","167","2","","01","352",35.47498,"",,"0894",-89.67856,"","BURLISON","05","","CANADA GOOSE","47","21","61",09/02/2014,"02","09","2014",2,2.25,"114890113","","N"
"1","07","8","0","41","3","",0,"0","00","2","","","","354",35.69139,"0895",-89.99139,"","06569","","4","1720","Canada Goose","114890116",07/01/2013,"01","07","2013","SE",19,"82","","E","E","lrm: D;",11,"US","167",09/16/2013,"09","2013","0","167","2","","01","353",35.53483,"",,"0894",-89.71337,"","Burlison","05","","Canada Goose","47","21","07",09/13/2013,"13","09","2013",1,1.25,"114890116","","N"
"1","07","8","0","41","3","",0,"0","00","2","","","","354",35.69139,"0895",-89.99139,"","06569","","5","1720","Canada Goose","114890146",07/01/2013,"01","07","2013","SE",21.3,"82","","E","E","lrm: D;",11,"US","167",09/08/2013,"09","2013","0","167","2","","01","353",35.56425,"Corn field",,"0893",-89.64647,"","Covington","05","","Canada Goose","47","21","07",09/08/2013,"08","09","2013",1,1.25,"114890146","","N"
"1","07","8","0","41","3","",0,"0","00","2","","","","354",35.69139,"0895",-89.99139,"","06569","","5","1720","Canada Goose","114890149",07/01/2013,"01","07","2013","NE",43.6,"82","","E","E","",11,"US","095",01/01/2014,"01","2014","0","095","2","","01","361",36.21212,"",,"0893",-89.55117,"","RIDGELY","05","","CANADIAN GOOSE","47","21","61",12/31/2013,"31","12","2013",1,1.5,"114890149","","N"
"1","07","8","0","41","3","",0,"0","00","2","","","","354",35.69139,"0895",-89.99139,"","06569","","4","1720","Canada Goose","114890165",07/01/2013,"01","07","2013","SE",30.6,"82","","E","E","lrm: D;",11,"US","097",01/11/2014,"01","2014","0","097","2","","01","352",35.45527,"field",,"0893",-89.5298,"","Ripley","04","","Canada Goose","47","21","07",01/11/2014,"11","01","2014",1,1.58,"114890165","","N"
"1","07","8","0","41","3","",0,"0","00","2","","","","354",35.69139,"0895",-89.99139,"","06569","","5","1720","Canada Goose","114890169",07/01/2013,"01","07","2013","SE",16.8,"82","","E","E","lrm: D;",11,"US","097",12/07/2013,"12","2013","0","097","2","","01","353",35.59152,"Mississippi river",,"0894",-89.71851,"","Ripley","05","","Canada Goose","47","21","07",12/07/2013,"07","12","2013",1,1.5,"114890169","","N"
"1","07","8","0","41","3","",0,"0","00","2","","","","354",35.69139,"0895",-89.99139,"","06569","","5","1720","Canada Goose","114890184",07/01/2013,"01","07","2013","S",81,"51","","E","E","lrm: D;",11,"US","137",12/04/2014,"12","2014","0","137","2","","01","343",34.53242,"farm pond",,"0894",-89.76738,"","Tyro","05","","Unknown","28","21","07",,"99","99","2014",99,1.58,"114890184","","N"
"1","07","8","0","41","3","",0,"0","00","2","","","","354",35.69139,"0895",-89.99139,"","06569","","5","1720","Canada Goose","114890198",07/01/2013,"01","07","2013","S",75.9,"51","","E","E","",11,"US","137",12/16/2014,"12","2014","0","137","2","","01","343",34.6176,"",,"0894",-89.70548,"","SENATOBIA","05","","CANADA GOOSE","28","21","61",11/27/2014,"27","11","2014",2,2.42,"114890198","","N"
"1","07","8","0","41","3","",0,"0","00","2","","","","352",35.43028,"0941",-94.23139,"","06569","","5","1720","Canada Goose","114890300",07/02/2013,"02","07","2013","NE",132.6,"52","","E","E","lrm: DM;",0,"US","077",10/08/2014,"10","2014","0","077","2","","01","370",37.14969,"Corn field",,"0931",-93.17112,"","Galloway","05","","Canada goose","29","21","07",10/08/2014,"08","10","2014",2,2.33,"114890300","","N"
"4","07","8","0","41","3","",0,"0","00","2","","","","342",34.40833,"0930",-93.05833,"","06569","","4","1720","Canada Goose","114890474",07/03/2013,"03","07","2013","N",637.9,"50","","E","E","lrm: M;",0,"US","091",10/14/2014,"10","2014","0","091","2","","01","433",43.58148,"",,"0942",-94.47474,"","East Chain","05","","Canada Goose","27","21","07",10/14/2014,"14","10","2014",2,1.33,"114890474","","N"
